Sun Dec 25 09:25:46 2016,test_title,0,0.6893978118896484,no notes
Sun Dec 25 09:25:46 2016,title_2,1,0.6893978118896484,note 2
Sun Dec 25 09:25:46 2016,title_3,2,0.6893978118896484,note 3
Sun Dec 25 09:25:46 2016,title_4,3,0.6893978118896484,note 4
Sun Dec 25 09:25:46 2016,title_5,4,0.6893978118896484,note 5
Sun Dec 25 09:25:46 2016,title_6,5,0.6893978118896484,note 6
Sun Dec 25 09:25:46 2016,title_7,6,0.6893978118896484,note 7
Sun Dec 25 09:25:46 2016,title_8,7,0.6893978118896484,note 8
Sun Dec 25 09:25:46 2016,title_9,8,0.6893978118896484,note 9
Sun Dec 25 09:25:46 2016,title_10,9,0.6893978118896484,note 10
